promoterID	sequence_pattern	class
PcS	ttgaca+[:lower:]{17}+taaact	class 1
PcH1	tggaca+[:lower:]{17}+taaact	class 1
PcH2	ttgaca+[:lower:]{17}+taagct	class 1
PcSS	ttgata+[:lower:]{17}+taaact	class 1
PcPUO	tcgaca+[:lower:]{17}+taaact	class 1
PcW	tggaca+[:lower:]{17}+taagct	class 1
PcIn42	ttggca+[:lower:]{17}+taaact	class 1
PcIn116	ttgaca+[:lower:]{17}+tgaact	class 1
PcS.TGN_10	ttgaca+[:lower:]{14}+tg+[:lower:]{1}+taaact	class 1
PcH2.TGN_10	ttgaca+[:lower:]{14}+tg+[:lower:]{1}+taagct	class 1
PcW.TGN_10	tggaca+[:lower:]{14}+tg+[:lower:]{1}+taagct	class 1
PcH1.TTN_10	tggaca+[:lower:]{14}+tt+[:lower:]{1}+taaact	class 1
PcW.TAN_10	tggaca+[:lower:]{14}+ta+[:lower:]{1}+taagct	class 1
P2	ttgtta+[:lower:]{17}+tacagt	class 1
P2m1	ttgtta+[:lower:]{17}+gacagt	class 1
P2m2	ttgtta+[:lower:]{17}+tacaca	class 1
P2m3	ttgtta+[:lower:]{17}+tacaat	class 1
Pc2A	ttttaa+[:lower:]{17}+taaaat	class 2
Pc2A-V2	ttttaa+[:lower:]{17}+taaagt	class 2
Pc2B	ttgtat+[:lower:]{16}+tttaat	class 2
PC2B-V2	ttatat+[:lower:]{16}+tttaat	class 2
Pc2C	gtgaca+[:lower:]{19}+taaaat	class 2
Pc2D	ttgcaa+[:lower:]{18}+tattct	class 2
Pc2E	tggcta+[:lower:]{17}+tg+[:lower:]{1}+taagct	class 2
Pc3	tagaca+[:lower:]{17}+taggct	class 3
